0.05190709651841579,0.05922107376362523,0.07247797768513309,-0.047800791389975575,0.05905594293043447,0.09147749870602867,-0.047842290951250165,0.05909756861129018,0.039205400315928014,0.07998453867584633,0.03696301651652619,0.07845583096202666,-0.07601887636517492,0.036798442851176685,0.09675404785043466,-0.07606888985873166,0.03684846417454405,0.033938991084013805,-0.004143432463175748,0.1190549719678052,0.06538203183550335,0.055,0.0,0.050000249999999996,0.0,0.0,0.0,0.0,0.0,0.0,0.0,0.02125,0.02125,0.11,0.07939037211715064,0.050199479353119275,0.054046641295537316,0.09980842787083032,0.09617591908904086,0.09986585884892996,0.09623150431702394,0.029291292149730735,0.030818518688286847,0.126342271951,0.11995957017186075,0.12640422973618798,0.12002121124832241,0.4095920446098847
0.05175420357662047,0.058706196759905814,0.0718607718254795,-0.047801197610559495,0.05905620045572118,0.09089324315275538,-0.04767094382342056,0.05852311854597378,0.03865264896103465,0.07923841574513574,0.03560219229717249,0.07771126700928462,-0.076019043227564,0.03679834110571799,0.09616974710507203,-0.07523030860615293,0.035330761615879974,0.033509568596432025,-0.004143897712823072,0.11905543721730502,0.06479778752218053,0.055,-3.1376036441607293e-18,0.052897647254764465,-0.0005842446838135437,0.024502184327851048,9.84031248976354e-06,0.02734397462476238,0.011640824330317191,5.925126234255667e-06,0.012996588965891795,0.02125,0.02125,0.11,0.07939100191066549,0.04950442867269994,0.05361580495871113,0.09980879193703227,0.09617637979520917,0.09912457364117003,0.09571847595418984,0.027147523719397035,0.02909823756378746,0.1263421733170185,0.11995957686451479,0.12468409124417343,0.11851354624326614,0.4095944051185722
0.051567372916239196,0.0581286317623186,0.07202889371034138,-0.04780044900962774,0.059053984801044,0.09110164730661736,-0.04747803919382855,0.05793692584637189,0.0388965396103017,0.07834681275594971,0.034079218241208666,0.0777281317338704,-0.07601598089418878,0.036792734213361676,0.09637771447910502,-0.07431360576816955,0.03378555566342566,0.03388729426740402,-0.004143731666589974,0.11905527117112458,0.06500630260219066,0.05499999999999999,-4.994507298898658e-19,0.054324785668936365,-0.00037572947157636443,0.05218302856895782,0.00010693587866671391,0.05546418937557614,0.025614192374080885,5.2537255455267076e-05,0.02726508870224547,0.02125,0.02125,0.11,0.07939077713915677,0.04872724988021102,0.053136745514719336,0.09980594744445512,0.09617433388789685,0.09835352738756098,0.0951857035091977,0.024700813396915388,0.027171501640074792,0.1263359216615215,0.11995406375065987,0.1228599242289272,0.11692002782936195,0.4095935626602323
0.051358612674598486,0.05753976880045856,0.07205484662778305,-0.04776247637986632,0.058922097222438206,0.09116544370325555,-0.04726591464783417,0.05734805263568782,0.03900652233994227,0.07737871633663107,0.03254198278105188,0.0775911730515303,-0.0758284373055115,0.036443819369647454,0.09641327704831017,-0.07333332040395056,0.032249972266882296,0.03413937150581062,-0.004143675115516026,0.11905521462006854,0.0650773174725002,0.05499999999999999,-5.601840223928936e-19,0.05477434332383448,-0.00030471455623369375,0.08068733442369755,0.006357914849814368,0.08400002515478415,0.03994760430714641,0.0029947836931760105,0.041614515685921935,0.02125,0.02125,0.11,0.07939070058777845,0.047937431322344834,0.052653263897585505,0.09963700029288365,0.09605723790218966,0.09756352931484034,0.09464112051600036,0.022185367578870917,0.025234884857420807,0.12594623083492335,0.11961219315450013,0.12097673026464478,0.1152764931016398,0.40959327574052945
0.051133353692890765,0.05695701365077685,0.07200311302223815,-0.047591991281627305,0.05836355280108506,0.09112984771063724,-0.047035484235146474,0.05676089643171867,0.03904574088217618,0.07636062863406522,0.031037330951378454,0.07736939663326,-0.07500079903876755,0.0349688941240259,0.09625366286064202,-0.07229456687027383,0.03073536286758236,0.03432816848436912,-0.004143677636522203,0.11905521714107392,0.06507415168069046,0.0540163948279122,-0.0010862711477338627,0.0546432816050837,-0.00030788035005098057,0.1092053618050133,0.03297470351245755,0.11276914702697236,0.05422170740391993,0.01587176630898396,0.05605149660648032,0.02125,0.02125,0.11,0.07989578070519658,0.04850600341350847,0.05340982713020188,0.09856201628829443,0.09534333765127008,0.09639615435287144,0.09386894812071694,0.02113912087978598,0.024655295011095188,0.12347511763188407,0.11743200359114178,0.11821219290251345,0.1128485846179115,0.42639514610827556
0.05089137505901746,0.05637979756692157,0.0719417665139961,-0.047395805940246505,0.05777792993218553,0.0910833597635489,-0.04678742244224099,0.05617818027544312,0.03908219472139853,0.0752910871844894,0.029563120429265066,0.0771306097126592,-0.07407348036298678,0.03342860319024778,0.09606924686564526,-0.0712013055153865,0.029249602880392033,0.034521077745557995,-0.004143684973611716,0.11905522447816111,0.06506493801905913,0.05268586293377321,-0.0025198252900692874,0.054753827758208536,-0.0003170940175250257,0.13778682895663713,0.06113233944400883,0.14166538789242517,0.06857204879097156,0.030110581720890633,0.07052883053495496,0.02125,0.02125,0.11,0.08058411255984971,0.04952796046253375,0.05458240066183651,0.09731797119181218,0.09452994552323371,0.09509679609786599,0.09302426086361484,0.02058317809307593,0.024532216650745276,0.12055570967683446,0.11486090433806943,0.11508818381631092,0.11010629491844758,0.4491786798706039
0.0506329170441545,0.05580885080279785,0.07191406524205061,-0.04718043311754973,0.057190206351086854,0.0910704416753196,-0.04652221228323679,0.055601559877624114,0.039159002549806574,0.07417185297941767,0.028122702362674893,0.07691839726637785,-0.07308319608325703,0.0318992679951398,0.09591019797312957,-0.07005628171825298,0.02779756199579914,0.0347607998276859,-0.004143662714643868,0.11905520221920032,0.06509289005612294,0.05104597239244888,-0.0041644570181498565,0.05465869469912979,-0.0002891419627358088,0.16641931219258857,0.08967698092943768,0.1706327293314108,0.08292603736451097,0.04446170447751446,0.08502778960695392,0.02125,0.02125,0.11,0.08137765852846075,0.050644923517434624,0.05604096456231248,0.09592374138200269,0.09361657919214994,0.09365757492500029,0.09208786682664388,0.02039399009795591,0.024727460909962445,0.11728850916591281,0.11198099932114818,0.11162897244227359,0.10706753337740665,0.47702760517311826
0.05036096366382691,0.05525034483901632,0.07192017894395922,-0.046947011905788386,0.056605047606315635,0.09109083830210961,-0.04624025489531222,0.05503215982263305,0.03927561824040444,0.07301595720342911,0.026731951056195538,0.07673508233168128,-0.0720359934739361,0.03039336164248893,0.09577718808103314,-0.06886164174488354,0.026382623632887594,0.03504646587553006,-0.004143611235879777,0.11905515074045256,0.06515753529626435,0.04945361475303502,-0.0057780565252896175,0.05464134211691183,-0.0002244966816004903,0.19481281452394195,0.11841436438280387,0.1996412510704012,0.09713918688025068,0.058880136606792796,0.09953998648542775,0.02125,0.02125,0.11,0.08221897629345584,0.05130625139532799,0.05748881081976863,0.0945826339603353,0.09276582779542622,0.092281054412282,0.09122119657283953,0.02018936410132668,0.024934407955967092,0.11399624978314685,0.10909373915670331,0.10816028950501916,0.10403624921880257,0.504277703733484
0.05007564108343354,0.05470375405122468,0.07190682893852268,-0.046700498928771,0.056034372463111666,0.09109216681454078,-0.045941935996518385,0.05447085553441885,0.039378664385184094,0.07182376546132455,0.02538929537572578,0.07652743652629357,-0.0709539392948031,0.02894165302251744,0.09562105939832446,-0.06761927583379661,0.025007438159777223,0.03532442011157538,-0.004143572992897653,0.11905511249748255,0.06520555950210556,0.048300007340865904,-0.006930769258446811,0.055139799456803924,-0.00017647244530536013,0.2230099063424955,0.14678133083540001,0.22867434662030237,0.1112553361293738,0.07309975503189965,0.11406072839150867,0.02125,0.02125,0.11,0.08284677602790824,0.051713293684243926,0.058414885724346464,0.09340540884389552,0.09202059075599411,0.09106498162710897,0.09045713160006134,0.019391434902115347,0.02463480144525703,0.11102875189320952,0.10650258069115608,0.10501101207672367,0.10129671666922285,0.5239900484691933
0.04979558789792694,0.054200798319977095,0.0718806019551955,-0.04646349067068459,0.055523637295581615,0.09108128476011448,-0.04562757655337328,0.05391833127937849,0.03947066308739253,0.07067143262404563,0.02417116431986309,0.07631436477750057,-0.06993277631773324,0.02765715833501865,0.09546244621537137,-0.06633091996096459,0.023674206574095948,0.03559692270966246,-0.004143545929877913,0.11905508543447141,0.06523954430032147,0.04658369815914704,-0.00864645900702552,0.054258873653233494,-0.0001424876255384418,0.24934961814437673,0.1724838445811915,0.2577218937291282,0.12443435880265895,0.08600625556509646,0.12858681745165335,0.02125,0.02125,0.11,0.08383153291116442,0.05255251815246139,0.060064346394893865,0.09217124872537348,0.09128610232014545,0.08971504864648015,0.08965396810932925,0.01956624276324681,0.025174909528767612,0.10776017020612128,0.10365662741999307,0.10134251189229633,0.09811602755043125,0.5532712766785609
0.04954878869963117,0.05378160882509189,0.07185183317684023,-0.04633864262901925,0.055267563454472465,0.09108193491989737,-0.04529748056129257,0.0533751684136906,0.03955588548050599,0.06966909268973023,0.023169638101985402,0.07612378662621859,-0.06940054511447889,0.027017224338183446,0.09538636171374862,-0.06499823310845451,0.022384839538383404,0.03586799388663172,-0.00414352660044354,0.11905506610504316,0.06526381753121337,0.045136967530754774,-0.010091817047323249,0.055108754287078524,-0.00011821437925400642,0.27161731107891046,0.1854914176734247,0.28677823441798134,0.13555231170959947,0.09267495670830901,0.14311628510891752,0.02125,0.02125,0.11,0.0847059384595471,0.053302594335626105,0.06147109037106487,0.09142657914688147,0.09088612618504638,0.0884860581895091,0.08893824524932172,0.019730056577169842,0.025655913697701694,0.1056339657128802,0.10181431900108157,0.0978619986147065,0.09511465308469982,0.5778189556869773
0.049349410656854005,0.05345773919891713,0.07180425501807788,-0.04625109274331571,0.05509281461705783,0.09106062599254984,-0.04495197546084659,0.05284192072482101,0.039614968506421926,0.06886676344910302,0.02240392449202116,0.07594709646634186,-0.06903121315293992,0.026584917055441103,0.09531198267528906,-0.06362290573519362,0.021141111737395867,0.03611801808791759,-0.004143530378053162,0.11905506988265158,0.06525907374053598,0.044420876738813,-0.01080816527387996,0.05479286022360517,-0.0001229581729396071,0.2890339388713102,0.19441792873620553,0.3158394597849954,0.14432588744318764,0.09705912494985504,0.1576476417027098,0.02125,0.02125,0.11,0.08515450025038952,0.0536162043628879,0.062074975293242844,0.09100044039629268,0.09065635257731619,0.08745910906589138,0.088315016438563,0.01929576331902522,0.025545017143269993,0.10439715609983385,0.10074593278020622,0.09495397955077135,0.0926164019136802,0.5899021328824106
0.049215174692876076,0.05324653294714633,0.07176369117285862,-0.04610660942348929,0.05481255373745648,0.0910215629874223,-0.044591351328309554,0.0523190592111624,0.03966988466033194,0.06833083129949052,0.02190943982726764,0.07582052487829859,-0.06842550629848103,0.025894784425126008,0.09518606334424463,-0.06220657543647348,0.019944604818139054,0.036368718106806024,-0.004143539720166474,0.11905507922476191,0.06524734223980713,0.04364164337899212,-0.011582168372328559,0.05428962898525476,-0.00013468968110782244,0.30049761519792434,0.20882109138626673,0.3449037128109843,0.15005027968004475,0.10419468069977023,0.17218019308519825,0.02125,0.02125,0.11,0.08564831393659098,0.05404846490942145,0.06284767229363845,0.09040618348091739,0.09032261372357894,0.08642830977111578,0.08770080723928238,0.019444658007538286,0.025852805558233254,0.10268566294895178,0.09927005163558708,0.09195823001855213,0.090050437654328,0.6029662183201033
0.04909895247172477,0.053067897601345615,0.07170516743676963,-0.045932222023064115,0.054486767583057885,0.09095501377590838,-0.04421594554016965,0.051807074559454255,0.03970572512139449,0.06786862488313877,0.021493352123232844,0.07568792718324295,-0.06770044546108497,0.02509799982125598,0.09501582748922392,-0.06075097898890104,0.01879686383663269,0.03660492572793341,-0.0041435664511770874,0.11905510595576407,0.06521377436709562,0.04345622728578836,-0.01176729864674469,0.05481572224102808,-0.00016825757510596182,0.3102623596462215,0.22570540643618853,0.3739690491264091,0.15498949362945855,0.11262947858953266,0.18671312063838716,0.02125,0.02125,0.11,0.08576841264462873,0.054075407001841574,0.06292521005979014,0.08986836648271544,0.08997970110199527,0.0855314938294345,0.08712844800009228,0.01891678880249699,0.025544463312825533,0.10123279088749881,0.09801712710063751,0.08943155776347927,0.08788924242222285,0.6060663692545335
0.04890303994771765,0.052774972479370685,0.07166073334843723,-0.04573364139595544,0.054130995123833715,0.0909151103154309,-0.0438260994944351,0.051306443211949965,0.039775459168058205,0.06709599192823376,0.02081878247555211,0.07552003063463898,-0.06688308095573987,0.024236031917206843,0.0948594312079227,-0.05925801936629623,0.017699418337401008,0.03687932067592312,-0.004143568333724735,0.11905510783831111,0.06521141032928596,0.042416452355108464,-0.01280326083473871,0.054325268383778075,-0.00017062161441473782,0.3264129033197198,0.24432544306625115,0.40303048110221307,0.1629541221550688,0.1219210589074505,0.20124407535856367,0.02125,0.02125,0.11,0.0864512229275438,0.054666354009465165,0.06395502738430155,0.08911700104766436,0.08957494915751324,0.08447966384279391,0.08653949814258237,0.019076315620535963,0.02593558354407435,0.09896331793424666,0.09606986337476513,0.08615742029725981,0.08510471214360599,0.6233512335501318
0.04867446007139249,0.05244555145816098,0.07161306501805301,-0.04549667441014762,0.053725598064026575,0.09087173782075378,-0.043422541722812354,0.05081804195616522,0.03985152380589659,0.06620020267332699,0.020067609093707937,0.07532954401852834,-0.06591829513907842,0.02326477582501598,0.09467906241215905,-0.05773086788747189,0.016654509498985316,0.037163886779558744,-0.004143567212863595,0.11905510671745032,0.06521281786769224,0.0414871157785412,-0.01373079347601262,0.05498223014207652,-0.00016921407511588915,0.3447953905371575,0.2657913031001373,0.4320617221275805,0.17216299432244767,0.13260807266975772,0.21576023817629297,0.02125,0.02125,0.11,0.08707945637525918,0.055169450111155004,0.06458584016298109,0.0883228990900266,0.08914135064028857,0.08347945398395391,0.08598552656044994,0.018929468995878208,0.026095796134445116,0.0965399825613826,0.09399637599709337,0.08295564654346674,0.08239382032787038,0.6386560441624576
0.04840471544614963,0.052072628060337606,0.07156025112697943,-0.045213222873000836,0.05326522336924659,0.09082328158245254,-0.043008301527544465,0.050345178628584945,0.03993326721274003,0.06515271984596742,0.019229499346139937,0.07511027386180716,-0.06477761604348317,0.022176239429097515,0.09446928198827086,-0.05618122969585177,0.015669235867504946,0.03745636186745835,-0.0041435631611679204,0.11905510266575595,0.06521790584609378,0.040058889835530576,-0.01506855069818117,0.054827199808496783,-0.00016412609348786915,0.36590528124845056,0.29051446371974937,0.460881638723578,0.18269281842926596,0.14493063465008565,0.23017329418518456,0.02125,0.02125,0.11,0.08798959103426864,0.0559630455235215,0.06538613148809859,0.08733009232046703,0.0886160176615359,0.0823992696793855,0.08542210895438562,0.019214042420619984,0.02665573341491052,0.0934335277200809,0.09134293021513754,0.07932614684488609,0.07933311798434949,0.6616171244466793
0.048114104864971065,0.05168850121354491,0.07150498311184388,-0.044896777699943165,0.052779394059262186,0.09077062651571648,-0.042604820038679825,0.04990979266889265,0.04001505050057108,0.06403454599795665,0.01838005695610137,0.07487790936483918,-0.06351944632590305,0.021044982487867327,0.09423943659039073,-0.05468797526256854,0.014787018164911816,0.03774044454441656,-0.004143557508012147,0.11905509701260195,0.06522500488234655,0.038999166998774294,-0.01610033518171307,0.05433302389140451,-0.00015702705273334854,0.3880077469050708,0.31703914895305296,0.48810748837425044,0.1937263521924361,0.15819748317831334,0.24380764950988293,0.02125,0.02125,0.11,0.088724787631908,0.056544251262778546,0.06600167506160817,0.08640748187720666,0.0881285085086987,0.08149756969630478,0.08496549847891335,0.019017151217769014,0.02681846899946829,0.09045365477069545,0.08881210970892234,0.07613816897687788,0.07666556453913087,0.6784903411553583
0.047812255601964435,0.05130733710922575,0.07144076727647734,-0.04455763694149591,0.05228798583976774,0.09070715684889653,-0.04227317304697377,0.04956905813624063,0.04007700038917089,0.06288348615614897,0.017551731508397807,0.0746319887449243,-0.06218756389967938,0.019920701905076246,0.09398921533592378,-0.05347152923985298,0.014114592544714822,0.037966668344066146,-0.004143557071816887,0.11905509657640684,0.06522555264117201,0.0376519066146651,-0.01744374980426905,0.05507936632665194,-0.00015647929356053737,0.41032917045867345,0.3443663446790874,0.5099252822945121,0.20490552386843658,0.17187879337355813,0.2547715859753566,0.02125,0.02125,0.11,0.08971685951783777,0.05740233667523021,0.0668782828624941,0.08548727355449523,0.0877005623123702,0.08079068664645232,0.08469312412347844,0.01926497598729833,0.027373154370247413,0.08717524338349567,0.08605151055020299,0.07318665691815426,0.07422849072108863,0.6996352787657367
0.047489476353744786,0.05091817435117291,0.07139173395794061,-0.044204341212981994,0.051804756233203145,0.09066070286183107,-0.041960716457693656,0.049261227607202224,0.04015506670479916,0.06166464919389368,0.01672291580196615,0.07439125244752381,-0.06081680814956031,0.018836362042610976,0.09375139769641384,-0.05233525041818151,0.013522395216720735,0.038197706935807464,-0.004143540978388413,0.11905508048298347,0.06524576220849095,0.03619588679003415,-0.01888466570741566,0.05501718370364585,-0.00013626971342597366,0.43355244622645883,0.37177488519723023,0.5300575092203376,0.21646938051985334,0.18560352037481537,0.26482587878157254,0.02125,0.02125,0.11,0.09081092037137242,0.05836073952288887,0.06785440239100812,0.08460492396203954,0.08732752500601325,0.08018114223540902,0.08451238809439787,0.019642180930806937,0.02804294631650386,0.08379546667626882,0.08322600618803887,0.07031603915910728,0.07188306269896856,0.7219122304845274
0.04717150610954985,0.05055205381503832,0.0713328636277958,-0.04384305142707129,0.051337704828371494,0.09060187620221566,-0.04165032750386403,0.04896736787246423,0.04022187706204138,0.06047356364876119,0.01595843066114614,0.0741456113821005,-0.05943120237014499,0.017809944724952325,0.09349995441738375,-0.05121465393224641,0.012971118161723293,0.038414979210800976,-0.004143533552327982,0.11905507305692539,0.06525508759670239,0.03495026067051496,-0.020127995331265167,0.05487434522379295,-0.00012694431930095938,0.4558370035716914,0.3988241827312721,0.5496831266702528,0.22767930123484192,0.1991455873053818,0.27463832840082525,0.02125,0.02125,0.11,0.09178327178691105,0.05919341702355384,0.06871334640094016,0.0838040755930169,0.08699844607436777,0.07965723237898213,0.08437494926222949,0.019870785318302508,0.02855695268925202,0.08059813450664463,0.08056945030240997,0.06768095998548622,0.06974851494307037,0.7404992536993543
0.04688016018357792,0.050230481538572826,0.0713078962912313,-0.04347968859496463,0.05089293294373367,0.09057086926725502,-0.041328985870521154,0.0486749899329012,0.04031890786796111,0.059391589347313936,0.015301147099779849,0.07395153827622349,-0.05805297302953552,0.016853873509280658,0.09327814198358514,-0.05006309928300118,0.012437361217622258,0.03866620492646895,-0.004143503680464085,0.11905504318507096,0.06529259964364512,0.033520483576459786,-0.021192879328213073,0.05483350559777143,-8.943224857046936e-05,0.47578719836929567,0.4251439742394358,0.5696363355965242,0.23767055015071348,0.21232053990958136,0.2846075544088793,0.02125,0.02125,0.11,0.09257107644535385,0.0598735827017307,0.06940393088081868,0.08281937606552733,0.08647764179590539,0.0789237859490048,0.08402785837272157,0.020200293096307664,0.02906209223764276,0.07723839575121509,0.07774658839071631,0.0648252143112051,0.06739734418136921,0.7604830900393555
0.04655113154204721,0.04988234671313748,0.07123469695841253,-0.04310692007415298,0.05046027169503195,0.09049793085697441,-0.04097587514554952,0.04836687694560829,0.040381669368222566,0.05818047965130797,0.014605654307866794,0.07368969422652288,-0.05665395104762081,0.015945538039534274,0.09301229017779145,-0.0488074458025306,0.011892015539675805,0.038896615119617235,-0.00414350579747153,0.11905504530207775,0.06528994117938175,0.03206243722556544,-0.022133568605128218,0.054618528583408,-9.20907145196576e-05,0.4978210286580672,0.4513294033337358,0.5911695967062691,0.24862728742128276,0.2254127690934915,0.2953458916784395,0.02125,0.02125,0.11,0.09325922487823135,0.06043515917972917,0.06998470497463603,0.08178252008540957,0.08589382524984465,0.07809590508603086,0.08358950847632865,0.020347729782431854,0.029401487893720765,0.07383379745476425,0.07488244370634098,0.0618056560742259,0.0649065551439818,0.7799778454256672
0.04618854587644191,0.04951563660454615,0.07130230694884708,-0.04273005250938185,0.05004511289197748,0.09057227487434863,-0.040595026587181185,0.048049166395192175,0.04059757483946339,0.05685670002316312,0.013891753836021705,0.07355176511872612,-0.055254083905404094,0.015095731546339372,0.0928943639589707,-0.04746418239094849,0.011349556610316178,0.03929131306925176,-0.004143390045878071,0.11905492955052097,0.06543529800152101,0.030447159545474906,-0.023119200014295353,0.05464169375377782,5.326619979567954e-05,0.5215542349800933,0.47704197089682776,0.6139596408351446,0.2604601321509113,0.23827559392593836,0.30672464154726653,0.02125,0.02125,0.11,0.09399698835530272,0.06104009474782234,0.07060911059026566,0.08074515630852275,0.08531672261261834,0.07723147752791404,0.08313433807886393,0.020551989230544458,0.029789609033379683,0.07034136399420453,0.07195706734882787,0.058577891257964865,0.06225979507009419,0.8007506650575928
0.04579047889767203,0.04913215515800551,0.07151756435985275,-0.042354445711335786,0.04965181470241157,0.0908021602473211,-0.04020044854982893,0.047735115852361926,0.040971277576096796,0.05541628335833231,0.013167606368350172,0.07354415787412179,-0.05387269747702099,0.014312052907928,0.09293524499541894,-0.04608410950366188,0.010834960356637476,0.039848119509908395,-0.004143150653252205,0.11905469015797102,0.06573591892862579,0.028710527141688258,-0.02401773601676708,0.05471660095260966,0.0003538873175352094,0.5470062810025973,0.501984007301578,0.6371335853075448,0.2731586032675251,0.2507554661723644,0.31831424571000533,0.02125,0.02125,0.11,0.09466576221724943,0.06156751448309881,0.07115845362417883,0.07965025820961183,0.08467328204865397,0.07628799544013297,0.08259828196784084,0.0206885731449113,0.03009947281159841,0.06679393713387767,0.06898198348438565,0.05522840123827638,0.059512113730629895,0.8219350009432062
0.04536351458473496,0.048741458799991644,0.07196782626633791,-0.04198184545368774,0.04928033972403913,0.09127388538232947,-0.039791223888826326,0.047424765548830836,0.04158889350538161,0.053884928921182094,0.012455333194667814,0.0737583216391289,-0.05251553607756021,0.01359267231911557,0.09322198042665046,-0.044665381179968815,0.010349723490783605,0.04065332425078871,-0.004142719168885485,0.11905425867374111,0.06627776197782183,0.026424222932604286,-0.025423169611099472,0.05478061134443183,0.0008957307103337644,0.5736723757376639,0.5261114664988037,0.6607317949930173,0.2865222915110622,0.2628260169603751,0.3301118218576638,0.02125,0.02125,0.11,0.0958214882894417,0.06260203146544659,0.07219632879864521,0.0787186884980272,0.0842537468791822,0.07550746739817742,0.08228600941267657,0.021488545368292356,0.031021591007968218,0.06299767328659378,0.06586975718646806,0.051581955573787294,0.05660577681218624,0.8486631552986134
0.0449244119521551,0.048360851799312085,0.07236454309525577,-0.041645654296878776,0.04896004921511406,0.09170150471618849,-0.03936334476048237,0.047116182300322884,0.042159017730098856,0.05232536254506549,0.011788814261265664,0.07391553623778821,-0.05130097314324618,0.012989655043677953,0.09348458407559086,-0.0431946722963502,0.009892440579328792,0.04141725546182923,-0.004142328273016401,0.11905386777799595,0.06676863540443632,0.024910396502566382,-0.026219068599260528,0.05463542169896326,0.0013866044482290923,0.6004633521253492,0.5474124262479584,0.6849838255059331,0.29995976321680157,0.27351090248001453,0.3422320657222395,0.02125,0.02125,0.11,0.0964857536656279,0.0631055529716786,0.07273710436857601,0.07792810514820818,0.08383753031839834,0.07476657990813013,0.08191072419173004,0.021550028799555452,0.03125378321087378,0.0600200025433386,0.06342749524873713,0.04849011630999054,0.054142560646849296,0.8651642718831732
0.04447555460277554,0.04799243759605355,0.07277578596416667,-0.04137217577740744,0.04870931817592603,0.09215754968219675,-0.03892137018831361,0.04681364643792773,0.0427483677652951,0.05074732058151281,0.01117246499795521,0.07408544480535378,-0.05032001118078333,0.012529712732491738,0.09380773212049978,-0.041688821231752944,0.009471222219672722,0.04220435022852677,-0.004141924156324021,0.11905346366143171,0.06727611108077343,0.022367678508104647,-0.02760515668490776,0.05477755425656654,0.001894080446375113,0.6272521534252418,0.56443211215877,0.7096155459122463,0.31333838188708396,0.28206002759065785,0.3545485651139096,0.02125,0.02125,0.11,0.09770821422281717,0.06421979560914146,0.07384849216760701,0.07722379892081573,0.08357386347034827,0.07405999169698574,0.08165749182398459,0.022544310971451837,0.03231670107646823,0.05673533684081557,0.060781587127410046,0.044821632634799075,0.05128596116051521,0.891025946429096
0.04402778252071038,0.04764425144204567,0.07331603437704562,-0.041147899481255606,0.048509944443680675,0.09275166516166122,-0.038457347099512734,0.04651285268220855,0.043470579836769226,0.049187422712366397,0.010618516288866026,0.07438803542877945,-0.04952072642784963,0.012172285940741776,0.09429384493748315,-0.04012248196400571,0.009082288525922314,0.04313147959861581,-0.004141417489024579,0.11905295699429291,0.0679123662400156,0.020382136918096566,-0.028219677045256963,0.054912334172149614,0.0025303360090899846,0.6534358958619895,0.5781896211821685,0.7350512732435919,0.3264505053971101,0.2889531682092751,0.3672578278893055,0.02125,0.02125,0.11,0.09824353072331442,0.06462619342155908,0.07427299199790076,0.07635794868341392,0.08302427909291832,0.0730998141779092,0.08106046508656198,0.02273937301098977,0.03259230520994076,0.05401156394980748,0.05851777098300424,0.04143256506639221,0.048579092217471795,0.9090774933598892
0.04356299229679862,0.0473019976151271,0.07406362182705892,-0.04093246685306087,0.04832351643845857,0.09355848604005652,-0.03797566473530911,0.046217955754800435,0.044407053688643214,0.04758376032548862,0.010104472570030078,0.0748922804910654,-0.04875744511368655,0.011845126076249544,0.09499777237356152,-0.038511969803475,0.008733558149165292,0.04427782853123781,-0.004140742793280716,0.119052282298763,0.0687596256712519,0.01831545618708782,-0.0289246051132521,0.054931833823479215,0.003377595977604533,0.6800983964617527,0.5912414075974002,0.7610302299030913,0.3397655728573309,0.2954720679759372,0.3802461453620849,0.02125,0.02125,0.11,0.0989092336256307,0.06516530432798558,0.07482915354316666,0.07561682404306104,0.0825957997857626,0.07228210041462921,0.08059547507286359,0.023102250358709803,0.033017931197601096,0.05137119377231904,0.0563600602234058,0.03819002770199271,0.046040014491316256,0.9263420185249
0.043081138478973574,0.04696695438342533,0.07480665988784284,-0.04074961746264291,0.048169066798415996,0.0943705338057373,-0.03747994897677241,0.04593213212136591,0.045345233182531974,0.04593713915275219,0.009633761208295413,0.07538647504840289,-0.048112166893232486,0.011579173769051479,0.09572297551686357,-0.03687031292439982,0.008430607958815887,0.04542909434124574,-0.004140068823285344,0.11905160832898132,0.06960597373279405,0.01598607779071148,-0.029414732796892457,0.05498304928310457,0.004223944575846986,0.7072245000114773,0.602201892434972,0.7873621588822842,0.35333289790758127,0.30098819491640905,0.39341329673517234,0.02125,0.02125,0.11,0.09940730199003608,0.06554777635089552,0.07522103375766133,0.07468730447988087,0.08196454098834519,0.07127773903564688,0.07992943993475646,0.023385256407637056,0.03333722126281141,0.04863984227669053,0.054086006945305166,0.0348720521768662,0.04340205097334203,0.9435998431009325
0.0425862332173717,0.046642527267197476,0.07564658643826024,-0.040503148539122624,0.04796624780111926,0.09527030643031156,-0.03694354950651896,0.0456421185747467,0.04639064425921312,0.04426244564756178,0.009212723355448565,0.075974381520267,-0.047247720396245044,0.011237994129446318,0.09650669978873652,-0.03511215887895522,0.008163926514799935,0.04670172223978268,-0.004139315472171352,0.11905085497810619,0.07055200584010714,0.013684103692817803,-0.029740792748094113,0.054993836187354345,0.00516997728307369,0.7345935199130377,0.6168311770100966,0.8154321565527071,0.3670210130780407,0.30821541438566435,0.4074228476080828,0.02125,0.02125,0.11,0.09979453500697591,0.06581940404440396,0.07550391503994408,0.07363419275926592,0.08122258819572582,0.070249390707023,0.07921306263070368,0.023574187328521456,0.033550507679751984,0.04562877644638799,0.051586257122749266,0.031739874100604845,0.04089170473221111,0.9584648492000655
0.04206809824835455,0.04632333989001443,0.0764644808499883,-0.04019198869815368,0.04771870375135143,0.09614082573582959,-0.036386975095367396,0.04536148780791987,0.04742273854599173,0.042527038442149,0.008836533906360907,0.07653228273501447,-0.04616178044504693,0.010833499467096873,0.09723173837885743,-0.03330668595371108,0.007951516875908306,0.04796611676460686,-0.004138575721145744,0.11905011522731512,0.07148095942980075,0.010790786680301,-0.02995378706251266,0.054431560968990864,0.006098931461850798,0.762755948524075,0.635073000612245,0.8441392282601495,0.38109970107874774,0.3172721738624066,0.42178000200796395,0.02125,0.02125,0.11,0.10015939832123723,0.06609350492729024,0.07577124857901489,0.0722630431147045,0.08021899833409142,0.06905831939750744,0.07832881996055557,0.023863960581652,0.033845678215055915,0.04187412886795864,0.04847029909551484,0.028644034921932227,0.03832884969436129,0.974013163818852
0.04155044684421412,0.046024170570313196,0.07735337033400122,-0.039828437716266075,0.0474409843310206,0.09707239044595552,-0.03581831000983353,0.04509517722177188,0.04852797002606776,0.040811149556239185,0.00852338260665236,0.07716527816758517,-0.04490128168216029,0.010396770578577885,0.09799490099534997,-0.03148210358861205,0.007799317774623083,0.049304990205458275,-0.0041377795201849735,0.11904931902660679,0.07248080088323916,0.00828711766511829,-0.03003454520389996,0.05476766400225569,0.007098773549325296,0.7904418744288495,0.6560724015632794,0.8730673297364411,0.3949169460877831,0.32773960530379986,0.4362506050538571,0.02125,0.02125,0.11,0.10043841683430575,0.06627152170048409,0.07595436069706592,0.07100458879277351,0.07929705078320669,0.06805554917285248,0.07756844645715438,0.02402244341356917,0.0340068401738557,0.03830445406967846,0.04554940707975383,0.026411872675628122,0.036365561158816215,0.984609154402697
0.04100268632003212,0.04572804211828872,0.07839274768859582,-0.039418534907996315,0.04714202322013626,0.09815220757890956,-0.03524079335009506,0.04484497043280277,0.04979177904189697,0.039013671324023225,0.008257048833772667,0.07793780278658563,-0.043491188951681366,0.009948874666081237,0.09888695492494735,-0.02964993344829929,0.0077090957419661925,0.05080224266023203,-0.004136858342180709,0.11904839784889462,0.07363758415786179,0.0060741145177019866,-0.030109724116939886,0.05505988498895724,0.008255557557506574,0.8192948137145089,0.6793665115962914,0.9020662293386349,0.4093594588082491,0.339372746748773,0.4507550921250912,0.02125,0.02125,0.11,0.10073988697852014,0.06645244895011627,0.07615420624625936,0.06992380008760295,0.07852662194795292,0.06729305997392966,0.07699365991005205,0.024162906194454888,0.0341356245328167,0.03497889227315595,0.04288395151714006,0.02514171969836873,0.035045209811931426,0.9917191465582762
0.040786356015146526,0.045615813234539046,0.07955104715447243,-0.039001061888548696,0.04685224439712023,0.0992786259525456,-0.035058271256581404,0.0447696300346713,0.05103027361232019,0.03831581039747227,0.008169003247387405,0.0789932909447181,-0.0420665342761293,0.009538943750564856,0.09982432132648789,-0.0290860616086409,0.007692057392570626,0.05211169965547309,-0.004135898934929561,0.11904743844194765,0.0748423743900902,0.006570323637571209,-0.02998178365847996,0.05618286553140402,0.00946034855373661,0.8306036231984394,0.7027061343858532,0.9111257230607818,0.4144147560664972,0.3510775260281342,0.4545749352535452,0.02125,0.02125,0.11,0.10055667371064686,0.06616491287858475,0.07591685908871358,0.06959400418078007,0.07831183831089727,0.0672194707632017,0.07693171542693676,0.0237822909347382,0.03371098600489508,0.033666401938270286,0.04188991535488592,0.025076350509324895,0.03495498643157955,0.9903092909685604
0.04064415562483539,0.04554243835276228,0.08140771767410362,-0.038600624858006596,0.04658739222476612,0.10109098805381904,-0.034965440139125434,0.044731444847540616,0.05293464343667232,0.037856112820755086,0.008115196888832825,0.08078217572234382,-0.04071245951480425,0.009187680578323632,0.10145770366507993,-0.02880400422078644,0.007684483872016255,0.05405128247118893,-0.00413439593454187,0.11904593544203651,0.07672978996252415,0.00684765605091982,-0.02989485384659627,0.057825596627266905,0.011347765323049918,0.8380479812225609,0.7247258789660191,0.9156703997217237,0.4177925769955859,0.3621311166611441,0.4563519019651873,0.02125,0.02125,0.11,0.10043907077522522,0.06598640310166962,0.07576752196027167,0.06926567487226487,0.0781004020007943,0.06716753893516757,0.07688447422655853,0.023588062485890703,0.03346835995177428,0.03237030787229966,0.04090680926661692,0.025031257472782585,0.03489808785943386,0.9894778326242861
0.04053493060569137,0.04548563813744186,0.08397862306402785,-0.03819550085136614,0.04633188621297618,0.10360988402585969,-0.034846808687766,0.04468326647574855,0.05555099848574672,0.037501294151170254,0.008075497840733897,0.08330064836165654,-0.03935530642444694,0.008872309050022845,0.10379794283007183,-0.02843721707979612,0.0076776767774847515,0.05671381762393559,-0.004132329692216222,0.11904386920036603,0.0793245051560738,0.0071409422943185035,-0.02999070183025113,0.06043490881050069,0.013942482162003517,0.8437948472118428,0.7466656127277876,0.9214592005900296,0.4204448643435487,0.37310159975390117,0.45916901654684145,0.02125,0.02125,0.11,0.10050180895276524,0.06600194772576859,0.07580710651325868,0.06912991742891708,0.07807848797147175,0.06728772831895402,0.07701402640027405,0.023614999265872818,0.033440313400647396,0.03129232365120026,0.04013703718543507,0.02516348781537646,0.03500656983109749,0.9885847847567447
0.04043969770235639,0.045435400451999425,0.08737969568057731,-0.03778505632460259,0.04608519235194819,0.10695522712210111,-0.034732981564378,0.044637323481615254,0.05899365406075331,0.03718972737959423,0.008041721688873148,0.08665553612709322,-0.03799277739100535,0.008591919743843442,0.10696463958138253,-0.028086741228743696,0.007672855975173452,0.06020051326246807,-0.004129604637114945,0.11904114414612876,0.08274653450218393,0.007493873554711383,-0.029868391957061605,0.06373308485724984,0.017364513678147817,0.848840180249917,0.7685675985201234,0.9269646936805316,0.42283379027657336,0.3840535034909002,0.46191585924328493,0.02125,0.02125,0.11,0.10034181295379656,0.06580131713818792,0.07562826904621425,0.06881937609995696,0.07786947038119485,0.06721402853829478,0.0769452216308353,0.02344755535463383,0.03320983914489924,0.03017444443038006,0.039280324344688027,0.025106642648400544,0.03493235801101889,0.9874374372445802
0.040354224416896525,0.04538946470837576,0.0915991213188718,-0.037308824392544696,0.0458138741919362,0.1111047345261425,-0.03462789654440279,0.044595007238376685,0.06325097020183645,0.036907689594893184,0.008011868263155426,0.09083299834916475,-0.036426791091082426,0.008314121389898003,0.11090969424818233,-0.027765898396355168,0.0076695052620916,0.0644979828634,-0.004126229457489926,0.1190377689675739,0.08698496759654588,0.00782583620541335,-0.029761215132980228,0.0679153800188988,0.021602949460255448,0.8534059687947775,0.7936295508167284,0.9319947085332816,0.42506083552156604,0.39652241942514604,0.4644088094659035,0.02125,0.02125,0.11,0.10019944889354947,0.06562453747738103,0.07547045566253462,0.06848916754610564,0.0776540397675618,0.06715381212963419,0.0768891844896718,0.023321890972807513,0.03301599869341965,0.0289746521529006,0.03835663520813949,0.02506352633869004,0.034872960521534296,0.9863149324699794
0.04029154381664425,0.04535395119647646,0.09652545401810377,-0.03677796391141463,0.04552957023935686,0.1159462384743496,-0.034543301308135224,0.044560612068426916,0.06820652916706303,0.036698111366389695,0.007989121571905164,0.09572797132093241,-0.034697929382425476,0.008062041726767817,0.11552646824051367,-0.027510920508320703,0.007666882205689646,0.06948525157186358,-0.004122295136432359,0.11903383464776379,0.09192555104005273,0.008197638428011704,-0.02966988071018378,0.07284467808935957,0.026543536036767252,0.8568228439059796,0.821163587688487,0.9359770449225613,0.4267159100001947,0.4102645337276513,0.46636188146962915,0.02125,0.02125,0.11,0.10006962582601497,0.06546810690842794,0.0753303689642903,0.0681748260823649,0.07745803858060252,0.06712734983268136,0.0768626223632477,0.02322549475937387,0.032850970307124354,0.0278253951761564,0.03746206780397895,0.02505136849245685,0.03485386888109299,0.9850058310752883
0.040430360788135174,0.045413731507871966,0.10193706558278916,-0.036541897080763434,0.04540783244008749,0.12128549241357124,-0.03434588452773979,0.04448489589089355,0.0736252185738956,0.03714024801629507,0.00802366816259806,0.10120433651425799,-0.03394733952473904,0.007967316672550885,0.12076921463411153,-0.026904044460972165,0.00767096980628402,0.07498014777388501,-0.0041180086411295785,0.11902954815382011,0.09730838264268885,0.0092652932161388,-0.02957760592453958,0.07822860843028089,0.03192637105285406,0.8499167718591769,0.8331531499161463,0.9454885728296828,0.4228919417376906,0.4157361858995259,0.47126265735641526,0.02125,0.02125,0.11,0.09987975891091568,0.06529320928593504,0.07516469826040827,0.06827017466044444,0.07755805013849089,0.06724604963543959,0.07697639659591597,0.023044205787832214,0.032650521506201596,0.02784628800864004,0.03751414000658319,0.025206259560362793,0.03499949576265421,0.9808860011937969
0.040593262365243396,0.04548626118497738,0.10753382729654715,-0.03631237102250436,0.045292687252964536,0.12680603295996323,-0.034166994849617105,0.044417751428121766,0.07922047017836319,0.03765952948312674,0.008069849167183129,0.10687718194496791,-0.03321766327929914,0.007885459071502954,0.12619594910857015,-0.02635816658359792,0.007679722236877004,0.08064370511854531,-0.004113578785239658,0.11902511829933476,0.10287124148075313,0.0100957478265038,-0.02952097267839114,0.08367210159217123,0.03748923341853093,0.8417527872956101,0.84472979698278,0.9540528041387106,0.41855197330760374,0.42129416329929764,0.47560640668296345,0.02125,0.02125,0.11,0.09975381617022737,0.06519387630093429,0.0750664826117854,0.06833903622512517,0.07764168836521991,0.06735113203941527,0.0770813669531087,0.022905649821086834,0.03252907882164951,0.02778783540460607,0.03749912505549899,0.025344758228362844,0.03512111394650124,0.9773586764655238
0.040770536415193515,0.045567545335613274,0.11320529170779622,-0.03609058670749656,0.04518439919950223,0.1323996807644236,-0.03396927812913186,0.04434578810921516,0.08489084709922717,0.03822502377763198,0.008126513318059846,0.11263153093985702,-0.03251427105073903,0.007815931506264171,0.13169927389827535,-0.025756342142081893,0.007696107111222509,0.08638930045531928,-0.004109091881563309,0.11902063139708108,0.10850573894336998,0.011019379131179452,-0.029444736922884653,0.08923808522950259,0.04312373445418901,0.8328146724603263,0.8558450809534405,0.9635087463272533,0.41396387459526596,0.42676441647352953,0.48038862417848543,0.02125,0.02125,0.11,0.09960883526336661,0.0650782742833954,0.07495242228795751,0.06843232393199712,0.0777427747230373,0.06746444403554061,0.07719427783014021,0.022750797457338257,0.03239027020583552,0.027797227701658763,0.03753992429379039,0.025496292290966553,0.03525388921753099,0.9730889959549207
0.040951585758678063,0.0456527051378733,0.11890077061015174,-0.03586512290007412,0.04507739565843591,0.1380158518923146,-0.03376532969947384,0.04427380461353868,0.09058558855721349,0.03880374926510955,0.008190946581020566,0.11841191683050485,-0.031801205709249415,0.007754967768127086,0.13722400335739804,-0.02513796029214704,0.0077199659884596376,0.09216118646491557,-0.0041045864958308255,0.11901612601277711,0.11416344552878163,0.01195339204133151,-0.029351119051531184,0.0948427046943505,0.04878144462735967,0.8236415043816897,0.8670893013773421,0.9732371670157898,0.40932607116401654,0.4323655338933761,0.4852884627928381,0.02125,0.02125,0.11,0.09945424491241527,0.06495462253360354,0.07483003123376901,0.06851979190146794,0.07783795689310084,0.067570770616381,0.0773006122692199,0.022587460366294946,0.032243871544410864,0.027804836246661673,0.03757704708874431,0.025643610560655863,0.035380327857791806,0.9684059765093768
0.041115758377614456,0.045731073181793445,0.12460080428438833,-0.03565232374817407,0.04497903919283061,0.14364257272196299,-0.033576395114712505,0.044208837970064946,0.09628570799192457,0.03932802246016727,0.00825442414060603,0.12418883790369507,-0.031131190968463777,0.007706052462296876,0.14276498590193276,-0.024568246713668376,0.00774776905498374,0.0979321896081235,-0.004100074607622699,0.11901161412599956,0.11982931769677682,0.012783864389851993,-0.029309020684928053,0.1004451330185784,0.054447320388291955,0.8153090325644182,0.8776369127275438,0.9822054380306796,0.40520754186940083,0.4376466345194226,0.48978458049817875,0.02125,0.02125,0.11,0.09936458985841941,0.06489377999556388,0.07476998610382948,0.06863668776158542,0.07796500981328958,0.06770896375889833,0.07744020531686134,0.022491140093691058,0.03216351867253517,0.027834297312882658,0.03763609751614736,0.025822026126218967,0.035535611151439044,0.9639606237595442
0.04126356222883796,0.0458024093218016,0.13029784646324133,-0.035477903765742086,0.04489994261988914,0.1492770189878948,-0.033422644258444476,0.04415675869158287,0.10197980455135351,0.03979743693475915,0.008315411188747174,0.12995455159402783,-0.030587463259147785,0.007671451023441337,0.14833018223387004,-0.024109808118895803,0.007773245946396083,0.10368300779440309,-0.0040955623134981125,0.11900710183330568,0.12549569960053417,0.013499452163331815,-0.029410056810371375,0.1059361781258525,0.06011370588530965,0.8078004127524143,0.8862050940894113,0.9894440772510215,0.40171849067332593,0.4418119822998541,0.4932663033667472,0.02125,0.02125,0.11,0.09942939822516386,0.06498532186428747,0.07486164038801454,0.06887658481307064,0.07821347225002133,0.06796671066597426,0.07769903157277852,0.02255143697111531,0.032239338894124704,0.02800079622539443,0.03782655257928278,0.02611239603293198,0.03580711086610158,0.9599684028925983
0.04140779969253955,0.04587321092536127,0.13599256231072104,-0.03531679982225582,0.044828239963943216,0.15491240454908597,-0.033282526065544014,0.04411006843346871,0.10766980591952087,0.04025910780792742,0.00837914315445131,0.1357170495249826,-0.030087245623025092,0.007644107861468668,0.15390198242121808,-0.02369302538685033,0.007799477021699971,0.10942451589010217,-0.004091051265283587,0.11900259078652145,0.13116051693380185,0.01417792177859191,-0.0295116718588339,0.11135468170484564,0.06577852681084548,0.8004501303908336,0.8940741811226769,0.9960075077568845,0.3981096735070031,0.4456617301511929,0.4964983278596116,0.02125,0.02125,0.11,0.09950117751431321,0.06508393860146121,0.07495982801185251,0.06911605110950168,0.07846007593490292,0.06822249049222881,0.07795508958902324,0.02261716044610866,0.03232275293129635,0.028179147026226623,0.038024613736318255,0.02639864856788715,0.03607715067365087,0.9560126511069386
0.04155893148204753,0.045949180708510146,0.14168857837135262,-0.035143460530471106,0.044752933322716446,0.16054531553671247,-0.03313564837216991,0.04406233765510845,0.1133608872721875,0.04074558210843823,0.008450894865011523,0.1414846744197315,-0.029548738309904548,0.0076202864726537724,0.15946642569204628,-0.023256400753182357,0.007830700916807959,0.11516954158185529,-0.0040865403573936265,0.11899807988006175,0.13682515805236653,0.014861001306092447,-0.029629496752003333,0.11682073415328946,0.07144317152156661,0.7927061266769134,0.9025292956093698,1.0028841391570817,0.39423982327639046,0.44989201238364396,0.49992288536069696,0.02125,0.02125,0.11,0.09959363965195923,0.0652054744747276,0.0750801650187168,0.06936960126867035,0.07872361223253208,0.06849671764560152,0.07823064149751406,0.022702817632719984,0.03242946082217186,0.028359608746368205,0.03822658555863308,0.02670720887783072,0.03636567460896555,0.9518672794926035
0.04171814322807523,0.04603122317208386,0.14738213774816805,-0.034974537337861156,0.04468110537739992,0.16617486946532514,-0.03298234414528266,0.04401381357581452,0.11904897599060553,0.04126050774693904,0.008532064430907546,0.14725419559311886,-0.02902683291795853,0.007602025037145891,0.1650297997309578,-0.022801264119459812,0.007867265079055781,0.12091382694005694,-0.0040820327842854415,0.11899357230838278,0.14248561146804833,0.01559372669526742,-0.02965191701630567,0.12245155721971271,0.07710362852674929,0.7844997857554269,0.9107355119413857,1.010056495813526,0.390110353664762,0.4539263411791901,0.5035196985026316,0.02125,0.02125,0.11,0.09959438112354098,0.06523730491871647,0.07511080793233983,0.06955904179588268,0.07891821354102477,0.06869876028676142,0.07843258781907385,0.022698442922988688,0.03244621654480744,0.0285047697976912,0.03838601541146811,0.026944554665149063,0.0365853118851181,0.9471810070083988
0.041878229570656685,0.04611546398177514,0.15307904559024343,-0.034806951935054814,0.04461139184675865,0.17180783701387053,-0.032823924543888335,0.04396500921862106,0.12474117575748811,0.041779830708151826,0.0086191502208659,0.15302782047082844,-0.028510185364519727,0.00758889169316704,0.17059732522783863,-0.02233188515629697,0.00790918106329401,0.12666392508176644,-0.00407752269440169,0.11898906221992903,0.14814922536288752,0.01636109362200134,-0.02959069636818866,0.12808983247044126,0.08276724601309352,0.7762094789628401,0.9188484515651074,1.017459818597281,0.3859423163352957,0.4579597998604403,0.5072464922700624,0.02125,0.02125,0.11,0.0995163825235532,0.06519071993047304,0.07506356447841354,0.06968947471330811,0.07905057346931213,0.06883673147149047,0.07856937823231593,0.02261816374481095,0.032384487925802834,0.028609349405091057,0.03850058183718916,0.027118474671178495,0.03674332693104921,0.9420146910503271
0.042038270537804255,0.04620141803701307,0.1587774158458668,-0.03463918514318823,0.044543154454195516,0.17744224291682406,-0.03266053917922565,0.04391608363455078,0.13043576963481865,0.04230033227371031,0.008711706276337616,0.15880317213640735,-0.027994413241789872,0.007580674740813786,0.17616649009007593,-0.021849263001964197,0.007956655723014974,0.13241796112840862,-0.004073011433130726,0.11898455096008845,0.1538143102450149,0.017147639154529576,-0.029547150788471095,0.13373217151654906,0.08843233448765875,0.7678827577589014,0.9269448266815914,1.0250859569732267,0.3817745751007686,0.4619996908717998,0.5110677138983112,0.02125,0.02125,0.11,0.09946180566634281,0.06516784273700352,0.07504037412059936,0.06984928629336014,0.07921178687669604,0.0690019405620196,0.07873374410030635,0.022563632130267672,0.03234657834851252,0.02874647813051035,0.03864667742624703,0.027321837526451044,0.03692907130828008,0.9365017462916547
0.04219608579495225,0.046287805043899524,0.16447549758258523,-0.03446697774049436,0.04447478253644787,0.18307600210930539,-0.03250026420865407,0.04386931023363819,0.13612997325268608,0.04281510551772943,0.00880836371507962,0.16457749022600965,-0.02746629426719762,0.0075774393726725005,0.18173352903900344,-0.021377375222376746,0.008007188974324592,0.1381701898763888,-0.004068500023371251,0.1189800395517594,0.15947958159384695,0.017901403624458186,-0.02946896821684862,0.13936510416399095,0.0940976094290469,0.7596360374208402,0.9352356264792404,1.0325475348605226,0.37763890911971765,0.46614755695079424,0.5148165387281052,0.02125,0.02125,0.11,0.09937862935514051,0.06511677740145597,0.07498841874217177,0.06996806297596873,0.07933381125308048,0.06913022295706586,0.07886136694310199,0.022481565366753248,0.032282230009772823,0.02883722721370694,0.03874663105292892,0.027488611888786714,0.037077793137098775,0.9309882879505631
0.04235767321153726,0.04637823791372638,0.17017126097725177,-0.03429517622959983,0.044408166458403016,0.18870671074228285,-0.03233171773142526,0.04382165911067397,0.14182258716938087,0.04334398265139567,0.008913229735248544,0.1703516996259433,-0.02694104586213927,0.007579286747992096,0.1872979824756496,-0.020882464605610405,0.008064885053235927,0.14392357848678108,-0.004063991104235608,0.11897553063405339,0.1651417253039608,0.018710458939655446,-0.029373218538854794,0.14501031869058367,0.09975975672973347,0.7511447493891205,0.9434812370365102,1.0403896974962301,0.37338538823221523,0.47028126086837174,0.5187417126039254,0.02125,0.02125,0.11,0.09928414771756455,0.06505529767898612,0.07492675886879746,0.0700983125733134,0.07946447330885502,0.06926459006238549,0.07899445877793194,0.022390698529363474,0.03220650001543091,0.02895276757926817,0.038868710247122,0.02766314874621144,0.03723460153377629,0.9248289534637435
0.04251529927386366,0.0464680586384785,0.17586830551803512,-0.03412160156786789,0.04434249965115153,0.1943392157317262,-0.032168100873618294,0.043776632859196696,0.14751641408473629,0.043861095710515864,0.009020973612826791,0.17612552668703252,-0.02641210661612683,0.007586280788726842,0.19286387583881978,-0.02040392900723779,0.008124869238804542,0.14967605143422696,-0.004059480490563946,0.1189710200218119,0.17080599695342644,0.019478281049216048,-0.029293107120973935,0.15064660622544487,0.10542403197112127,0.7428260618605377,0.9517893440489781,1.047981194132677,0.3692266330426802,0.4744402067590588,0.5225370787530427,0.02125,0.02125,0.11,0.09921104739149193,0.06501522488934638,0.0748859452634524,0.070231991222022,0.07960101573060167,0.0694066509204813,0.07913592904508442,0.02232251243753589,0.03215413996856926,0.02906334236996807,0.03898645353859359,0.027845959683716216,0.037398177475351554,0.9187801028010647
0.042672744763309636,0.04655955223005749,0.1815666546148269,-0.03394543852819345,0.04427753563333811,0.1999725778914869,-0.032003958849506846,0.043732780322417245,0.15321168140764552,0.04437922814674235,0.009134248213553964,0.18190091762726496,-0.025876875349669946,0.00759864929695481,0.19842993525992647,-0.01992534467779538,0.00818918760120426,0.15542987870537056,-0.004054968808212073,0.11896650834089054,0.17647161061430447,0.020236719217773116,-0.02919128382429796,0.15628243890736213,0.11108964922477246,0.734475004791088,0.9601998843057502,1.0555834664025476,0.36504659469109296,0.4786548068027559,0.5263417553116425,0.02125,0.02125,0.11,0.09912188741513517,0.06495973188622105,0.07482943390467159,0.07034646874240197,0.07971892604050257,0.06953062783616634,0.079259440405242,0.0222399997792451,0.032087574830411504,0.029154830851665762,0.03908432950721783,0.028011894037331533,0.03754409923615377,0.9125879768322537
0.042831517780544934,0.04665371591251309,0.1872649012924106,-0.03377015489911383,0.04421450691636018,0.2056057184151791,-0.03183332481404615,0.043688711727891065,0.1589077677687939,0.04490352635293027,0.009254379763728211,0.18767724268877603,-0.02534632718677687,0.007616040041850777,0.20399648911202894,-0.019428873661907757,0.008260741120443674,0.16118664990370243,-0.004050457434919307,0.11896199696902818,0.18213683616951262,0.021013555786544263,-0.029080576888882596,0.16192230493102067,0.11675487837250766,0.726007413973266,0.9685434395022287,1.0634803502088646,0.3607992352390063,0.4828226496756362,0.5303153440460492,0.02125,0.02125,0.11,0.0990302534476561,0.06490250028449826,0.07477134684200289,0.07046672321478335,0.0798414447907448,0.06965683674046579,0.07938547945747094,0.02215701592874942,0.032019468026678106,0.02925850536845384,0.03919281630306888,0.02818349902850524,0.03769349270655426,0.9060342255972123
0.042991738820564375,0.046750706719335705,0.19296293385863347,-0.033593540404016166,0.044152648823917645,0.2112380844329314,-0.031659332484833144,0.043645290117578166,0.16460395355470453,0.04543431683734336,0.009381694667959607,0.19345443430840575,-0.02481321171031333,0.007638797368633625,0.20956203983424318,-0.018924564763847344,0.008338243515883957,0.16694435777189937,-0.0040459464802381695,0.11895748601577733,0.1878015360468074,0.021821950544426632,-0.028959001453414943,0.16757225523169203,0.12241958184199618,0.7174141355586049,0.9769287003521375,1.0715221574985176,0.35649011312440815,0.48703214674779555,0.5343338535156877,0.02125,0.02125,0.11,0.09893517648727082,0.06484247770396964,0.07471091155840241,0.07059571771721929,0.07997144026854178,0.06979002981784904,0.0795179565309195,0.02207253851888247,0.03194809847650544,0.029377087152806753,0.039314890018091235,0.028362472934667746,0.03785110143833762,0.8989901453809883
0.04314752004303977,0.04684665958136264,0.1986614488198549,-0.03341183629406442,0.04409078577116063,0.21687092738983768,-0.03149531710124745,0.043605485490496136,0.1702997182730413,0.04595153659653215,0.009511099015923084,0.19923016091545181,-0.02426652163560454,0.007667673011311531,0.2151264805183863,-0.01845116553240894,0.008415120585179639,0.17269774853536032,-0.004041434385546815,0.11895297392251661,0.1934676675092533,0.02253462522599725,-0.028857687652686162,0.17319642928575266,0.12808571689754358,0.7090201804883142,0.9855382251839534,1.0790774463093449,0.3522916713947901,0.491342007063693,0.5381198730714098,0.02125,0.02125,0.11,0.09886213453728264,0.06480493119726505,0.07467120629364758,0.07070609065606116,0.08008832291350378,0.06991412983412766,0.07964292923827922,0.022012458023522547,0.031904335711344,0.029459755114501652,0.03940183388708869,0.02853415458610514,0.03799770339994154,0.8926176590223516
0.04330621445469807,0.04694646401454841,0.20436003734928945,-0.03323033599202045,0.04403068851201919,0.2225032582030349,-0.031321387722290844,0.0435648898843191,0.17599677435175065,0.0464803341408798,0.009649159067685943,0.20500781523873599,-0.0237223190458407,0.007701889614785221,0.22069084034659764,-0.017950288646567537,0.00850146681656798,0.17845570497100433,-0.004036922730192852,0.11894846226859315,0.19913324726709505,0.02330035012397902,-0.02874472564410587,0.17883404239189044,0.133751300248137,0.7004167335841139,0.9941147299978521,1.0870890473345356,0.34798144288933847,0.4956394792595684,0.5421390607381265,0.02125,0.02125,0.11,0.09878563435420905,0.06476476199294955,0.07462961745301787,0.07083414302256025,0.080220352695608,0.07005036257052721,0.07977978330082378,0.021951164591314114,0.031856787456500085,0.02957126107996225,0.03951557458000931,0.028721437885595502,0.03815871229779843,0.8855800331125624
0.04346838440946654,0.04705066191121328,0.2100540011286544,-0.033041913423787594,0.04397020529541939,0.2281289178626096,-0.03114260707896086,0.043524764168812444,0.1816893623788735,0.047022472627338094,0.00979682840308103,0.21078295571884892,-0.023159013401129993,0.007743264842992332,0.2262462498110506,-0.01743728125912082,0.008595015152501618,0.1842105523625523,-0.004032415352200353,0.1189439548920298,0.2047934556632894,0.024078164105134966,-0.028632629106438063,0.1844645435468992,0.13941151223367682,0.6915676683595212,1.0030032513398295,1.0953165559537505,0.34356227770293896,0.5000947304290295,0.5462476524554846,0.02125,0.02125,0.11,0.09871674221127717,0.06473372869004239,0.07459688619669505,0.07097054981868309,0.08036170880178929,0.07019643098162125,0.07992683112394744,0.021900518237794642,0.03181969760545388,0.029690323142096835,0.039635811701918676,0.028921923033317386,0.038330691887694564,0.8782459495650106
0.043628139272174675,0.04715523157845389,0.21575438562423313,-0.03285138661786494,0.043910913878448594,0.23376112207610286,-0.030966461446261296,0.043486651944075236,0.18738839831341791,0.047558098137875905,0.009948625132748192,0.21656364480753837,-0.02259140383262051,0.007790957082992456,0.23180779523409029,-0.01693345005494587,0.008691840067054455,0.189970632265752,-0.004027902449817801,0.11893944199107814,0.21046060139622927,0.024798033023534165,-0.028537571746553952,0.19008673456673822,0.14507866156036142,0.6828020571390285,1.0119696037667276,1.1034064197219193,0.33918112820740925,0.5045912809906663,0.5503169378499952,0.02125,0.02125,0.11,0.09866676339813568,0.06472219666715508,0.07458247182708265,0.07110138872402891,0.08050061005539433,0.07034092319271898,0.080073776295553,0.0218727215433692,0.03180647334648265,0.02979726923755809,0.039742693980329036,0.02912588164142401,0.038501085874756404,0.8713122532980762
0.043794806080409455,0.04726687172512316,0.2214523807660894,-0.03265101832931179,0.04385070643544481,0.23938760694285996,-0.03078049976867346,0.043448209398213006,0.19308538826763816,0.048118924164890275,0.010114285709319347,0.2223458554700401,-0.021996241070138492,0.007847669511230618,0.2373603063565419,-0.016403178369932533,0.008799370243627435,0.19573176645882703,-0.004023392630564488,0.11893493217325474,0.21612387544278253,0.02554910941087176,-0.0284351809052881,0.1957055563092798,0.1507419391982042,0.6735886924771068,1.0213858284699484,1.1119457487241013,0.3345962476286019,0.5093171291350003,0.5546019649449053,0.02125,0.02125,0.11,0.09861724127682842,0.06471354432917534,0.07457063092613322,0.07123993095640761,0.08064779515557938,0.0704935886759682,0.08022928341047464,0.02185023497862694,0.031797889527813365,0.02991427495049704,0.039857555341025946,0.029344037384788902,0.03868211900008709,0.8639094661817249
